number of jobs,number of molds,class,instance number,execution time
50,2,1,1,0.001
50,2,1,2,0
50,2,1,3,0
50,2,1,4,0
50,2,1,5,0
50,2,1,6,0
50,2,1,7,0
50,2,1,8,0
50,2,1,9,0.001
50,2,1,10,0
50,2,2,11,0
50,2,2,12,0
50,2,2,13,0
50,2,2,14,0
50,2,2,15,0
50,2,2,16,0
50,2,2,17,0
50,2,2,18,0.001006
50,2,2,19,0.000997
50,2,2,20,0
50,2,3,21,0.001001
50,2,3,22,0
50,2,3,23,0
50,2,3,24,0
50,2,3,25,0
50,2,3,26,0
50,2,3,27,0
50,2,3,28,0
50,2,3,29,0
50,2,3,30,0
50,2,4,31,0
50,2,4,32,0
50,2,4,33,0
50,2,4,34,0
50,2,4,35,0
50,2,4,36,0.000996
50,2,4,37,0
50,2,4,38,0
50,2,4,39,0
50,2,4,40,0
50,2,5,41,0
50,2,5,42,0.000996
50,2,5,43,0
50,2,5,44,0
50,2,5,45,0.000997
50,2,5,46,0
50,2,5,47,0.000994
50,2,5,48,0
50,2,5,49,0
50,2,5,50,0
50,2,6,51,0
50,2,6,52,0
50,2,6,53,0
50,2,6,54,0
50,2,6,55,0.001014
50,2,6,56,0
50,2,6,57,0
50,2,6,58,0
50,2,6,59,0
50,2,6,60,0.001001
50,5,1,61,0
50,5,1,62,0
50,5,1,63,0
50,5,1,64,0
50,5,1,65,0
50,5,1,66,0
50,5,1,67,0
50,5,1,68,0
50,5,1,69,0
50,5,1,70,0
50,5,2,71,0
50,5,2,72,0.000994
50,5,2,73,0
50,5,2,74,0
50,5,2,75,0
50,5,2,76,0
50,5,2,77,0
50,5,2,78,0.000994
50,5,2,79,0
50,5,2,80,0
50,5,3,81,0
50,5,3,82,0
50,5,3,83,0
50,5,3,84,0
50,5,3,85,0
50,5,3,86,0.000998
50,5,3,87,0
50,5,3,88,0
50,5,3,89,0
50,5,3,90,0
50,5,4,91,0
50,5,4,92,0
50,5,4,93,0.000998
50,5,4,94,0
50,5,4,95,0
50,5,4,96,0
50,5,4,97,0.000999
50,5,4,98,0.000998
50,5,4,99,0
50,5,4,100,0
50,5,5,101,0
50,5,5,102,0
50,5,5,103,0
50,5,5,104,0
50,5,5,105,0
50,5,5,106,0
50,5,5,107,0
50,5,5,108,0
50,5,5,109,0
50,5,5,110,0
50,5,6,111,0.000996
50,5,6,112,0
50,5,6,113,0.001
50,5,6,114,0
50,5,6,115,0
50,5,6,116,0
50,5,6,117,0
50,5,6,118,0
50,5,6,119,0
50,5,6,120,0.000996
50,10,1,121,0
50,10,1,122,0
50,10,1,123,0
50,10,1,124,0
50,10,1,125,0
50,10,1,126,0
50,10,1,127,0
50,10,1,128,0
50,10,1,129,0
50,10,1,130,0
50,10,2,131,0
50,10,2,132,0
50,10,2,133,0
50,10,2,134,0
50,10,2,135,0
50,10,2,136,0
50,10,2,137,0
50,10,2,138,0.000998
50,10,2,139,0
50,10,2,140,0
50,10,3,141,0
50,10,3,142,0
50,10,3,143,0
50,10,3,144,0
50,10,3,145,0.001003
50,10,3,146,0
50,10,3,147,0
50,10,3,148,0
50,10,3,149,0
50,10,3,150,0
50,10,4,151,0.000993
50,10,4,152,0.000998
50,10,4,153,0
50,10,4,154,0
50,10,4,155,0
50,10,4,156,0
50,10,4,157,0
50,10,4,158,0
50,10,4,159,0
50,10,4,160,0.001001
50,10,5,161,0
50,10,5,162,0
50,10,5,163,0
50,10,5,164,0
50,10,5,165,0
50,10,5,166,0
50,10,5,167,0
50,10,5,168,0
50,10,5,169,0
50,10,5,170,0
50,10,6,171,0
50,10,6,172,3.2e-005
50,10,6,173,0
50,10,6,174,0
50,10,6,175,0
50,10,6,176,0
50,10,6,177,0
50,10,6,178,0
50,10,6,179,0
50,10,6,180,0
50,15,1,181,0
50,15,1,182,0
50,15,1,183,0
50,15,1,184,0
50,15,1,185,0
50,15,1,186,0
50,15,1,187,0
50,15,1,188,0
50,15,1,189,0
50,15,1,190,0
50,15,2,191,0
50,15,2,192,0
50,15,2,193,0
50,15,2,194,0
50,15,2,195,0
50,15,2,196,0
50,15,2,197,0
50,15,2,198,0
50,15,2,199,0
50,15,2,200,0
50,15,3,201,0
50,15,3,202,0
50,15,3,203,0
50,15,3,204,0
50,15,3,205,0
50,15,3,206,0
50,15,3,207,0
50,15,3,208,0
50,15,3,209,0
50,15,3,210,0
50,15,4,211,0
50,15,4,212,0
50,15,4,213,0
50,15,4,214,0.001007
50,15,4,215,0
50,15,4,216,0
50,15,4,217,0
50,15,4,218,0.000996
50,15,4,219,0
50,15,4,220,0
50,15,5,221,0
50,15,5,222,0
50,15,5,223,0.000998
50,15,5,224,0
50,15,5,225,0
50,15,5,226,0
50,15,5,227,0.000991
50,15,5,228,0.000988
50,15,5,229,0
50,15,5,230,0
50,15,6,231,0
50,15,6,232,0
50,15,6,233,0
50,15,6,234,0
50,15,6,235,0
50,15,6,236,0
50,15,6,237,0
50,15,6,238,0
50,15,6,239,0
50,15,6,240,0
50,20,1,241,0
50,20,1,242,0
50,20,1,243,0
50,20,1,244,0
50,20,1,245,0
50,20,1,246,0
50,20,1,247,0
50,20,1,248,0
50,20,1,249,0
50,20,1,250,0
50,20,2,251,0
50,20,2,252,0
50,20,2,253,0
50,20,2,254,0
50,20,2,255,0
50,20,2,256,0
50,20,2,257,0
50,20,2,258,0
50,20,2,259,0
50,20,2,260,0
50,20,3,261,0
50,20,3,262,0
50,20,3,263,0.001
50,20,3,264,0
50,20,3,265,0
50,20,3,266,0
50,20,3,267,0
50,20,3,268,0
50,20,3,269,0
50,20,3,270,0
50,20,4,271,0
50,20,4,272,0
50,20,4,273,0.000997
50,20,4,274,0
50,20,4,275,0
50,20,4,276,0
50,20,4,277,0
50,20,4,278,0
50,20,4,279,0
50,20,4,280,0
50,20,5,281,0
50,20,5,282,0
50,20,5,283,0
50,20,5,284,0
50,20,5,285,0.000996
50,20,5,286,0.000996
50,20,5,287,0
50,20,5,288,0
50,20,5,289,0
50,20,5,290,0
50,20,6,291,0
50,20,6,292,0
50,20,6,293,0
50,20,6,294,0
50,20,6,295,0
50,20,6,296,0
50,20,6,297,0
50,20,6,298,0
50,20,6,299,0
50,20,6,300,0
100,2,1,301,0
100,2,1,302,0
100,2,1,303,0.000994
100,2,1,304,0
100,2,1,305,0.001002
100,2,1,306,0
100,2,1,307,0.000997
100,2,1,308,0
100,2,1,309,0.000998
100,2,1,310,0.001003
100,2,2,311,0
100,2,2,312,0.000998
100,2,2,313,0.000998
100,2,2,314,0
100,2,2,315,0.000997
100,2,2,316,0
100,2,2,317,0
100,2,2,318,0
100,2,2,319,0.001011
100,2,2,320,0
100,2,3,321,0
100,2,3,322,0.000998
100,2,3,323,0
100,2,3,324,0.00055
100,2,3,325,0.000999
100,2,3,326,0.000997
100,2,3,327,0
100,2,3,328,0
100,2,3,329,0
100,2,3,330,0.000999
100,2,4,331,0.001
100,2,4,332,0
100,2,4,333,0
100,2,4,334,0
100,2,4,335,0
100,2,4,336,0.000997
100,2,4,337,0.000997
100,2,4,338,0.000996
100,2,4,339,0
100,2,4,340,0.000997
100,2,5,341,0
100,2,5,342,0
100,2,5,343,0.000999
100,2,5,344,0.001006
100,2,5,345,0
100,2,5,346,0
100,2,5,347,0
100,2,5,348,0
100,2,5,349,0.001001
100,2,5,350,0.000999
100,2,6,351,0.001
100,2,6,352,0
100,2,6,353,0
100,2,6,354,0.000997
100,2,6,355,0.000996
100,2,6,356,0
100,2,6,357,0
100,2,6,358,0
100,2,6,359,0
100,2,6,360,0.001003
100,5,1,361,0
100,5,1,362,0
100,5,1,363,0.000998
100,5,1,364,0
100,5,1,365,0
100,5,1,366,0
100,5,1,367,0
100,5,1,368,0
100,5,1,369,0
100,5,1,370,0
100,5,2,371,0
100,5,2,372,0
100,5,2,373,0
100,5,2,374,0
100,5,2,375,0
100,5,2,376,0
100,5,2,377,0
100,5,2,378,0.001009
100,5,2,379,0
100,5,2,380,0.001007
100,5,3,381,0.000994
100,5,3,382,0
100,5,3,383,0
100,5,3,384,0
100,5,3,385,0
100,5,3,386,0
100,5,3,387,0.001005
100,5,3,388,0
100,5,3,389,0
100,5,3,390,0.000997
100,5,4,391,0
100,5,4,392,0
100,5,4,393,0
100,5,4,394,0
100,5,4,395,0
100,5,4,396,0.000994
100,5,4,397,0
100,5,4,398,0
100,5,4,399,0.000997
100,5,4,400,0.001
100,5,5,401,0
100,5,5,402,0.001005
100,5,5,403,0
100,5,5,404,0
100,5,5,405,0.001
100,5,5,406,0
100,5,5,407,0
100,5,5,408,0
100,5,5,409,0
100,5,5,410,0
100,5,6,411,0
100,5,6,412,0
100,5,6,413,0
100,5,6,414,0
100,5,6,415,0
100,5,6,416,0
100,5,6,417,0
100,5,6,418,0.000999
100,5,6,419,0.000997
100,5,6,420,0
100,10,1,421,0
100,10,1,422,0
100,10,1,423,0
100,10,1,424,0
100,10,1,425,0
100,10,1,426,0.001
100,10,1,427,0
100,10,1,428,0
100,10,1,429,0.001006
100,10,1,430,0.001005
100,10,2,431,0
100,10,2,432,0.000997
100,10,2,433,0
100,10,2,434,0
100,10,2,435,0
100,10,2,436,0
100,10,2,437,0
100,10,2,438,0
100,10,2,439,0
100,10,2,440,0
100,10,3,441,0
100,10,3,442,0
100,10,3,443,0
100,10,3,444,0.001004
100,10,3,445,0
100,10,3,446,0
100,10,3,447,0
100,10,3,448,0
100,10,3,449,0
100,10,3,450,0
100,10,4,451,0.001004
100,10,4,452,0
100,10,4,453,0.001002
100,10,4,454,0.001002
100,10,4,455,0.000995
100,10,4,456,0
100,10,4,457,0
100,10,4,458,0.001
100,10,4,459,0
100,10,4,460,0
100,10,5,461,0
100,10,5,462,0
100,10,5,463,0
100,10,5,464,0.000998
100,10,5,465,0.001002
100,10,5,466,0
100,10,5,467,0
100,10,5,468,0.000999
100,10,5,469,0.001
100,10,5,470,0
100,10,6,471,0
100,10,6,472,0
100,10,6,473,0
100,10,6,474,6.1e-005
100,10,6,475,0.001001
100,10,6,476,0
100,10,6,477,0.000997
100,10,6,478,0.000996
100,10,6,479,0
100,10,6,480,0
100,15,1,481,0.000997
100,15,1,482,0
100,15,1,483,0
100,15,1,484,0
100,15,1,485,0
100,15,1,486,0
100,15,1,487,0
100,15,1,488,0.000997
100,15,1,489,0.000992
100,15,1,490,0
100,15,2,491,0
100,15,2,492,0.001004
100,15,2,493,0
100,15,2,494,0
100,15,2,495,0
100,15,2,496,0
100,15,2,497,0
100,15,2,498,0
100,15,2,499,0
100,15,2,500,0
100,15,3,501,0
100,15,3,502,0
100,15,3,503,0
100,15,3,504,0
100,15,3,505,0
100,15,3,506,0.000995
100,15,3,507,0
100,15,3,508,0
100,15,3,509,0
100,15,3,510,0
100,15,4,511,0
100,15,4,512,0.000998
100,15,4,513,0
100,15,4,514,0.000995
100,15,4,515,0
100,15,4,516,0
100,15,4,517,0
100,15,4,518,0
100,15,4,519,0
100,15,4,520,0
100,15,5,521,0
100,15,5,522,0
100,15,5,523,0
100,15,5,524,0
100,15,5,525,0
100,15,5,526,0.000996
100,15,5,527,0
100,15,5,528,0.000998
100,15,5,529,0
100,15,5,530,0
100,15,6,531,0
100,15,6,532,0
100,15,6,533,0
100,15,6,534,0
100,15,6,535,0
100,15,6,536,0
100,15,6,537,0
100,15,6,538,0.000996
100,15,6,539,0
100,15,6,540,0
100,20,1,541,0
100,20,1,542,0.001
100,20,1,543,0
100,20,1,544,0
100,20,1,545,0
100,20,1,546,0
100,20,1,547,0
100,20,1,548,0.001001
100,20,1,549,0
100,20,1,550,0.000997
100,20,2,551,0
100,20,2,552,0
100,20,2,553,0
100,20,2,554,0
100,20,2,555,0
100,20,2,556,0.000988
100,20,2,557,0
100,20,2,558,0
100,20,2,559,0
100,20,2,560,0
100,20,3,561,0
100,20,3,562,0.001001
100,20,3,563,0.000999
100,20,3,564,0.001003
100,20,3,565,0.000998
100,20,3,566,0
100,20,3,567,0
100,20,3,568,0
100,20,3,569,0
100,20,3,570,0.001001
100,20,4,571,0
100,20,4,572,0
100,20,4,573,0
100,20,4,574,0
100,20,4,575,0
100,20,4,576,0.000999
100,20,4,577,0.001007
100,20,4,578,0.000997
100,20,4,579,0
100,20,4,580,0
100,20,5,581,0
100,20,5,582,0.000999
100,20,5,583,0
100,20,5,584,0
100,20,5,585,0.000992
100,20,5,586,0
100,20,5,587,0
100,20,5,588,0
100,20,5,589,0
100,20,5,590,0
100,20,6,591,0.000998
100,20,6,592,0
100,20,6,593,0
100,20,6,594,0.000998
100,20,6,595,0
100,20,6,596,0
100,20,6,597,0
100,20,6,598,0.001001
100,20,6,599,0.000997
100,20,6,600,0
150,2,1,601,0
150,2,1,602,0.001
150,2,1,603,0.001006
150,2,1,604,0.002009
150,2,1,605,0.000998
150,2,1,606,0.000999
150,2,1,607,0
150,2,1,608,0.000998
150,2,1,609,0.001
150,2,1,610,0.001
150,2,2,611,0.000989
150,2,2,612,0.001004
150,2,2,613,0.000998
150,2,2,614,0
150,2,2,615,0
150,2,2,616,0.000995
150,2,2,617,0
150,2,2,618,0.002013
150,2,2,619,0.001
150,2,2,620,0.001008
150,2,3,621,0
150,2,3,622,0.001713
150,2,3,623,0.000588
150,2,3,624,0.000998
150,2,3,625,0.001003
150,2,3,626,0
150,2,3,627,0
150,2,3,628,0.000995
150,2,3,629,0.001001
150,2,3,630,0
150,2,4,631,0.001005
150,2,4,632,0.001002
150,2,4,633,0.001
150,2,4,634,0.001001
150,2,4,635,0.001994
150,2,4,636,0.000998
150,2,4,637,0
150,2,4,638,0.000999
150,2,4,639,0.001
150,2,4,640,0.001008
150,2,5,641,0
150,2,5,642,0.000999
150,2,5,643,0
150,2,5,644,0.001002
150,2,5,645,0.001
150,2,5,646,0.000998
150,2,5,647,0.000998
150,2,5,648,0.001002
150,2,5,649,0.001002
150,2,5,650,0.001001
150,2,6,651,0
150,2,6,652,0.001001
150,2,6,653,0.000997
150,2,6,654,0.001002
150,2,6,655,0
150,2,6,656,0.001001
150,2,6,657,0
150,2,6,658,0
150,2,6,659,0
150,2,6,660,0.000996
150,5,1,661,0
150,5,1,662,0.000997
150,5,1,663,0
150,5,1,664,0
150,5,1,665,0
150,5,1,666,0
150,5,1,667,0.000999
150,5,1,668,0
150,5,1,669,0
150,5,1,670,0.002002
150,5,2,671,0.000998
150,5,2,672,0.000997
150,5,2,673,0
150,5,2,674,0
150,5,2,675,0
150,5,2,676,0
150,5,2,677,0
150,5,2,678,0.001001
150,5,2,679,0
150,5,2,680,0
150,5,3,681,0
150,5,3,682,0
150,5,3,683,0.001
150,5,3,684,0.001002
150,5,3,685,0.001
150,5,3,686,0.001001
150,5,3,687,0
150,5,3,688,0
150,5,3,689,0.001001
150,5,3,690,0
150,5,4,691,0.00101
150,5,4,692,0
150,5,4,693,0.000998
150,5,4,694,0.000996
150,5,4,695,0.001001
150,5,4,696,0
150,5,4,697,0
150,5,4,698,0
150,5,4,699,0.001006
150,5,4,700,0
150,5,5,701,0
150,5,5,702,0
150,5,5,703,0
150,5,5,704,0.001005
150,5,5,705,0.000999
150,5,5,706,0
150,5,5,707,0
150,5,5,708,0
150,5,5,709,0.001
150,5,5,710,0.001002
150,5,6,711,0.001002
150,5,6,712,0.000995
150,5,6,713,0.000998
150,5,6,714,0
150,5,6,715,0
150,5,6,716,0
150,5,6,717,0
150,5,6,718,0
150,5,6,719,0
150,5,6,720,0.000999
150,10,1,721,0.000999
150,10,1,722,0
150,10,1,723,0.001001
150,10,1,724,0.001
150,10,1,725,0.001
150,10,1,726,0
150,10,1,727,0.001002
150,10,1,728,0
150,10,1,729,0.001001
150,10,1,730,0
150,10,2,731,0
150,10,2,732,0
150,10,2,733,0.001
150,10,2,734,0.000997
150,10,2,735,0
150,10,2,736,0.001008
150,10,2,737,0
150,10,2,738,0
150,10,2,739,0.001009
150,10,2,740,0
150,10,3,741,0
150,10,3,742,0.000996
150,10,3,743,0
150,10,3,744,0.001003
150,10,3,745,0
150,10,3,746,0
150,10,3,747,0
150,10,3,748,0.001001
150,10,3,749,0.001001
150,10,3,750,0.001
150,10,4,751,0
150,10,4,752,0
150,10,4,753,0
150,10,4,754,0.000998
150,10,4,755,0
150,10,4,756,0.001003
150,10,4,757,0.000998
150,10,4,758,0.000998
150,10,4,759,0
150,10,4,760,0
150,10,5,761,0
150,10,5,762,0
150,10,5,763,0
150,10,5,764,0.000561
150,10,5,765,0.000554
150,10,5,766,0.000998
150,10,5,767,0.001
150,10,5,768,0.000999
150,10,5,769,0
150,10,5,770,0.000997
150,10,6,771,0
150,10,6,772,0
150,10,6,773,0.000994
150,10,6,774,0
150,10,6,775,0.000998
150,10,6,776,0
150,10,6,777,0
150,10,6,778,0
150,10,6,779,0.001001
150,10,6,780,0
150,15,1,781,0.001002
150,15,1,782,0.000997
150,15,1,783,0
150,15,1,784,0
150,15,1,785,0.001003
150,15,1,786,0.001014
150,15,1,787,0
150,15,1,788,0
150,15,1,789,0
150,15,1,790,0.000998
150,15,2,791,0
150,15,2,792,0
150,15,2,793,0
150,15,2,794,0
150,15,2,795,0.001
150,15,2,796,0
150,15,2,797,0
150,15,2,798,0
150,15,2,799,0.001001
150,15,2,800,0
150,15,3,801,0.000994
150,15,3,802,0.000997
150,15,3,803,0
150,15,3,804,0
150,15,3,805,0.000997
150,15,3,806,0
150,15,3,807,0.001004
150,15,3,808,0.000999
150,15,3,809,0.001
150,15,3,810,0
150,15,4,811,0
150,15,4,812,0
150,15,4,813,0
150,15,4,814,0
150,15,4,815,0.000999
150,15,4,816,0
150,15,4,817,0.001002
150,15,4,818,0
150,15,4,819,0
150,15,4,820,0
150,15,5,821,0
150,15,5,822,0
150,15,5,823,0
150,15,5,824,0.000993
150,15,5,825,0.000999
150,15,5,826,0
150,15,5,827,0
150,15,5,828,0
150,15,5,829,0
150,15,5,830,0
150,15,6,831,0.001
150,15,6,832,0
150,15,6,833,0
150,15,6,834,0
150,15,6,835,0
150,15,6,836,0
150,15,6,837,0.000995
150,15,6,838,0.000997
150,15,6,839,0.001001
150,15,6,840,0.001002
150,20,1,841,0
150,20,1,842,0.001
150,20,1,843,0
150,20,1,844,0
150,20,1,845,0.000996
150,20,1,846,0.001005
150,20,1,847,0.000997
150,20,1,848,0
150,20,1,849,0
150,20,1,850,0.000999
150,20,2,851,0
150,20,2,852,0.000997
150,20,2,853,0
150,20,2,854,0.001001
150,20,2,855,0
150,20,2,856,0
150,20,2,857,0
150,20,2,858,0.001005
150,20,2,859,0.000999
150,20,2,860,0
150,20,3,861,0.001011
150,20,3,862,0
150,20,3,863,0.002016
150,20,3,864,0
150,20,3,865,0
150,20,3,866,0.001003
150,20,3,867,0.000999
150,20,3,868,0.001
150,20,3,869,0
150,20,3,870,0.000998
150,20,4,871,0.000998
150,20,4,872,0
150,20,4,873,0.001001
150,20,4,874,0
150,20,4,875,0
150,20,4,876,0
150,20,4,877,0
150,20,4,878,0
150,20,4,879,0
150,20,4,880,0.000998
150,20,5,881,0.000996
150,20,5,882,0.001
150,20,5,883,0
150,20,5,884,0.001
150,20,5,885,0
150,20,5,886,0.001
150,20,5,887,0
150,20,5,888,0
150,20,5,889,0.001
150,20,5,890,0.000994
150,20,6,891,0.001006
150,20,6,892,0
150,20,6,893,0
150,20,6,894,0
150,20,6,895,0
150,20,6,896,0.001015
150,20,6,897,0.000997
150,20,6,898,0.001003
150,20,6,899,0
150,20,6,900,0
200,2,1,901,0.002
200,2,1,902,0.001004
200,2,1,903,0.001
200,2,1,904,0.001997
200,2,1,905,0.000992
200,2,1,906,0.001999
200,2,1,907,0.000998
200,2,1,908,0.001007
200,2,1,909,0.001994
200,2,1,910,0.002995
200,2,2,911,0.001007
200,2,2,912,0.001999
200,2,2,913,0.001094
200,2,2,914,0.001017
200,2,2,915,0.001
200,2,2,916,0.001008
200,2,2,917,0.001998
200,2,2,918,0.002017
200,2,2,919,0.001996
200,2,2,920,0.002013
200,2,3,921,0.001003
200,2,3,922,0.001999
200,2,3,923,0.000993
200,2,3,924,0.000998
200,2,3,925,0.000999
200,2,3,926,0.001994
200,2,3,927,0.001004
200,2,3,928,0.001995
200,2,3,929,0.000999
200,2,3,930,0.001001
200,2,4,931,0.001001
200,2,4,932,0.001001
200,2,4,933,0.001005
200,2,4,934,0.001011
200,2,4,935,0.002996
200,2,4,936,0.001994
200,2,4,937,0.000998
200,2,4,938,0.000999
200,2,4,939,0.001
200,2,4,940,0.000999
200,2,5,941,0.001002
200,2,5,942,0.002994
200,2,5,943,0.002994
200,2,5,944,0.001998
200,2,5,945,0.001001
200,2,5,946,0.001994
200,2,5,947,0.001996
200,2,5,948,0.000998
200,2,5,949,0.001003
200,2,5,950,0.001995
200,2,6,951,0.002995
200,2,6,952,0.001003
200,2,6,953,0.001
200,2,6,954,0.000999
200,2,6,955,0.001999
200,2,6,956,0.001
200,2,6,957,0.001996
200,2,6,958,0.001993
200,2,6,959,0.001996
200,2,6,960,0.001003
200,5,1,961,0.001004
200,5,1,962,0.000998
200,5,1,963,0.001006
200,5,1,964,0.000999
200,5,1,965,0
200,5,1,966,0.001
200,5,1,967,0.001
200,5,1,968,0.001007
200,5,1,969,0
200,5,1,970,0.001013
200,5,2,971,0
200,5,2,972,0
200,5,2,973,0
200,5,2,974,0
200,5,2,975,0.001004
200,5,2,976,0.000997
200,5,2,977,0
200,5,2,978,0
200,5,2,979,0
200,5,2,980,0.001006
200,5,3,981,0.001001
200,5,3,982,0.001001
200,5,3,983,0.000988
200,5,3,984,0.000999
200,5,3,985,0.001
200,5,3,986,0.000997
200,5,3,987,0
200,5,3,988,0.001008
200,5,3,989,0.001028
200,5,3,990,0.001002
200,5,4,991,0
200,5,4,992,0.001
200,5,4,993,0
200,5,4,994,0
200,5,4,995,0.000995
200,5,4,996,0.001
200,5,4,997,0.000998
200,5,4,998,0.000997
200,5,4,999,0.001002
200,5,4,1000,0.000999
200,5,5,1001,0
200,5,5,1002,0.001007
200,5,5,1003,0.000997
200,5,5,1004,0
200,5,5,1005,0
200,5,5,1006,0.000999
200,5,5,1007,0.000995
200,5,5,1008,0
200,5,5,1009,0.000998
200,5,5,1010,0.001004
200,5,6,1011,0
200,5,6,1012,0.001
200,5,6,1013,0.001001
200,5,6,1014,0.000998
200,5,6,1015,0
200,5,6,1016,0.001
200,5,6,1017,0.001001
200,5,6,1018,0
200,5,6,1019,0.000999
200,5,6,1020,0.000996
200,10,1,1021,0.001002
200,10,1,1022,0.001
200,10,1,1023,0.001003
200,10,1,1024,0.001004
200,10,1,1025,0.001005
200,10,1,1026,0.001001
200,10,1,1027,0.001003
200,10,1,1028,0
200,10,1,1029,0
200,10,1,1030,0.001
200,10,2,1031,0
200,10,2,1032,0.000998
200,10,2,1033,0
200,10,2,1034,0.001
200,10,2,1035,0
200,10,2,1036,0.001001
200,10,2,1037,0
200,10,2,1038,0.001001
200,10,2,1039,0.001007
200,10,2,1040,0.001002
200,10,3,1041,0.002005
200,10,3,1042,0
200,10,3,1043,0.000998
200,10,3,1044,0.001
200,10,3,1045,0.001001
200,10,3,1046,0
200,10,3,1047,0.001
200,10,3,1048,0.001
200,10,3,1049,0
200,10,3,1050,0
200,10,4,1051,0.000555
200,10,4,1052,0
200,10,4,1053,0.002008
200,10,4,1054,0
200,10,4,1055,0
200,10,4,1056,0
200,10,4,1057,0
200,10,4,1058,0.001005
200,10,4,1059,0.001002
200,10,4,1060,0
200,10,5,1061,0.001005
200,10,5,1062,0.000998
200,10,5,1063,0
200,10,5,1064,0.000998
200,10,5,1065,0.001003
200,10,5,1066,0.000999
200,10,5,1067,0.002007
200,10,5,1068,0.000998
200,10,5,1069,0
200,10,5,1070,0.001003
200,10,6,1071,0.000989
200,10,6,1072,0
200,10,6,1073,0.000997
200,10,6,1074,0.000999
200,10,6,1075,0.001003
200,10,6,1076,0
200,10,6,1077,0.001003
200,10,6,1078,0
200,10,6,1079,0
200,10,6,1080,0.001
200,15,1,1081,0
200,15,1,1082,0.001
200,15,1,1083,0.000998
200,15,1,1084,0.000998
200,15,1,1085,0
200,15,1,1086,0.000994
200,15,1,1087,0
200,15,1,1088,0
200,15,1,1089,0
200,15,1,1090,0
200,15,2,1091,0.002022
200,15,2,1092,0.000999
200,15,2,1093,0.000997
200,15,2,1094,0
200,15,2,1095,0.002016
200,15,2,1096,0.001004
200,15,2,1097,0.001
200,15,2,1098,0
200,15,2,1099,0.001004
200,15,2,1100,0
200,15,3,1101,0
200,15,3,1102,0
200,15,3,1103,0.001
200,15,3,1104,0.000995
200,15,3,1105,0.001002
200,15,3,1106,0.001001
200,15,3,1107,0.001006
200,15,3,1108,0
200,15,3,1109,0.001001
200,15,3,1110,0.001001
200,15,4,1111,0
200,15,4,1112,0.001
200,15,4,1113,0.001009
200,15,4,1114,0
200,15,4,1115,0.000998
200,15,4,1116,0
200,15,4,1117,0.001
200,15,4,1118,0
200,15,4,1119,0.001004
200,15,4,1120,0.000995
200,15,5,1121,0.001
200,15,5,1122,0
200,15,5,1123,0.001011
200,15,5,1124,0
200,15,5,1125,0.000999
200,15,5,1126,0.001
200,15,5,1127,0.001009
200,15,5,1128,0.001002
200,15,5,1129,0
200,15,5,1130,0
200,15,6,1131,0
200,15,6,1132,0
200,15,6,1133,0.001001
200,15,6,1134,0.001004
200,15,6,1135,0.001006
200,15,6,1136,0.001
200,15,6,1137,0.001001
200,15,6,1138,0.001001
200,15,6,1139,0
200,15,6,1140,0.001
200,20,1,1141,0.001005
200,20,1,1142,0
200,20,1,1143,0
200,20,1,1144,0
200,20,1,1145,0
200,20,1,1146,0
200,20,1,1147,0.001006
200,20,1,1148,0.001001
200,20,1,1149,0
200,20,1,1150,0
200,20,2,1151,0.00101
200,20,2,1152,0.001
200,20,2,1153,0
200,20,2,1154,0.001001
200,20,2,1155,0.002016
200,20,2,1156,0
200,20,2,1157,0
200,20,2,1158,0.001017
200,20,2,1159,0.001019
200,20,2,1160,0
200,20,3,1161,0.002004
200,20,3,1162,0.00099
200,20,3,1163,0.001002
200,20,3,1164,0
200,20,3,1165,0.001001
200,20,3,1166,0.001007
200,20,3,1167,0
200,20,3,1168,0.001002
200,20,3,1169,0.001001
200,20,3,1170,0.001003
200,20,4,1171,0
200,20,4,1172,0
200,20,4,1173,0.001008
200,20,4,1174,0.001004
200,20,4,1175,0.001005
200,20,4,1176,0.001
200,20,4,1177,0.001002
200,20,4,1178,0.001009
200,20,4,1179,0
200,20,4,1180,0.000998
200,20,5,1181,0
200,20,5,1182,0
200,20,5,1183,0.000999
200,20,5,1184,0
200,20,5,1185,0.000997
200,20,5,1186,0
200,20,5,1187,0
200,20,5,1188,0.001002
200,20,5,1189,0.001
200,20,5,1190,0.000999
200,20,6,1191,0.000999
200,20,6,1192,0.001001
200,20,6,1193,0
200,20,6,1194,0
200,20,6,1195,0.0011
200,20,6,1196,0.001001
200,20,6,1197,0
200,20,6,1198,0.001
200,20,6,1199,0
200,20,6,1200,0
250,2,1,1201,0.001996
250,2,1,1202,0.001996
250,2,1,1203,0.002
250,2,1,1204,0.001
250,2,1,1205,0.002997
250,2,1,1206,0.001992
250,2,1,1207,0.001993
250,2,1,1208,0.001999
250,2,1,1209,0.002992
250,2,1,1210,0.002003
250,2,2,1211,0.003995
250,2,2,1212,0.001
250,2,2,1213,0.003999
250,2,2,1214,0.001999
250,2,2,1215,0.002
250,2,2,1216,0.001989
250,2,2,1217,0.003006
250,2,2,1218,0.002995
250,2,2,1219,0.003007
250,2,2,1220,0.003
250,2,3,1221,0.001994
250,2,3,1222,0.001995
250,2,3,1223,0.001996
250,2,3,1224,0.001998
250,2,3,1225,0.002995
250,2,3,1226,0.002999
250,2,3,1227,0.001996
250,2,3,1228,0.005008
250,2,3,1229,0.001999
250,2,3,1230,0.002
250,2,4,1231,0.007006
250,2,4,1232,0.001994
250,2,4,1233,0.001997
250,2,4,1234,0.003
250,2,4,1235,0.002996
250,2,4,1236,0.002002
250,2,4,1237,0.001001
250,2,4,1238,0.002006
250,2,4,1239,0.002996
250,2,4,1240,0.002
250,2,5,1241,0.000998
250,2,5,1242,0.003
250,2,5,1243,0.001991
250,2,5,1244,0.003005
250,2,5,1245,0.003994
250,2,5,1246,0.001998
250,2,5,1247,0.001994
250,2,5,1248,0.002991
250,2,5,1249,0.001996
250,2,5,1250,0.003004
250,2,6,1251,0.002995
250,2,6,1252,0.003
250,2,6,1253,0.003997
250,2,6,1254,0.00101
250,2,6,1255,0.003999
250,2,6,1256,0.002994
250,2,6,1257,0.003994
250,2,6,1258,0.001993
250,2,6,1259,0.001998
250,2,6,1260,0.001997
250,5,1,1261,0.001001
250,5,1,1262,0.001002
250,5,1,1263,0.001999
250,5,1,1264,0.000999
250,5,1,1265,0.002014
250,5,1,1266,0.001001
250,5,1,1267,0.001002
250,5,1,1268,0.002001
250,5,1,1269,0
250,5,1,1270,0.001004
250,5,2,1271,0.000994
250,5,2,1272,0.002008
250,5,2,1273,0.001
250,5,2,1274,0.000999
250,5,2,1275,0.000999
250,5,2,1276,0.000999
250,5,2,1277,0.001
250,5,2,1278,0.000999
250,5,2,1279,0.001001
250,5,2,1280,0.001998
250,5,3,1281,0.001003
250,5,3,1282,0.001006
250,5,3,1283,0.001005
250,5,3,1284,0.001004
250,5,3,1285,0.001006
250,5,3,1286,0.000997
250,5,3,1287,0.001997
250,5,3,1288,0.001004
250,5,3,1289,0.00197
250,5,3,1290,0.001002
250,5,4,1291,0.002008
250,5,4,1292,0.001
250,5,4,1293,0.001001
250,5,4,1294,0.000999
250,5,4,1295,0.000999
250,5,4,1296,0.001002
250,5,4,1297,0.000997
250,5,4,1298,0.000999
250,5,4,1299,0.001003
250,5,4,1300,0.002005
250,5,5,1301,0.001001
250,5,5,1302,0.001
250,5,5,1303,0.000997
250,5,5,1304,0.001
250,5,5,1305,0.001001
250,5,5,1306,0.001001
250,5,5,1307,0.000995
250,5,5,1308,0.001
250,5,5,1309,0.002015
250,5,5,1310,0
250,5,6,1311,0.000998
250,5,6,1312,0.001002
250,5,6,1313,0.001
250,5,6,1314,0.00104
250,5,6,1315,0.001008
250,5,6,1316,0.001764
250,5,6,1317,0.001015
250,5,6,1318,0.001001
250,5,6,1319,0.000996
250,5,6,1320,0.001
250,10,1,1321,0.001002
250,10,1,1322,0
250,10,1,1323,0.002001
250,10,1,1324,0.001002
250,10,1,1325,0.000995
250,10,1,1326,0.001
250,10,1,1327,0.001003
250,10,1,1328,0.001022
250,10,1,1329,0.001004
250,10,1,1330,0
250,10,2,1331,0.001001
250,10,2,1332,0.000998
250,10,2,1333,0.000999
250,10,2,1334,0.000999
250,10,2,1335,0.001001
250,10,2,1336,0
250,10,2,1337,0.001002
250,10,2,1338,0.001
250,10,2,1339,0.001
250,10,2,1340,0.001009
250,10,3,1341,0
250,10,3,1342,0.001006
250,10,3,1343,0.001
250,10,3,1344,0.001004
250,10,3,1345,0
250,10,3,1346,0.001001
250,10,3,1347,0
250,10,3,1348,0.001001
250,10,3,1349,0.001001
250,10,3,1350,0.001001
250,10,4,1351,0.001001
250,10,4,1352,0
250,10,4,1353,0.000998
250,10,4,1354,0.001005
250,10,4,1355,0.001002
250,10,4,1356,0.000996
250,10,4,1357,0.002009
250,10,4,1358,0.001001
250,10,4,1359,0.001012
250,10,4,1360,0.000998
250,10,5,1361,0.000998
250,10,5,1362,0.001002
250,10,5,1363,0
250,10,5,1364,0.001002
250,10,5,1365,0.000999
250,10,5,1366,0.001002
250,10,5,1367,0.001001
250,10,5,1368,0
250,10,5,1369,0.000999
250,10,5,1370,0.000998
250,10,6,1371,0
250,10,6,1372,0.001
250,10,6,1373,0.002005
250,10,6,1374,0.001
250,10,6,1375,0.000996
250,10,6,1376,0.001001
250,10,6,1377,0.000997
250,10,6,1378,0.001001
250,10,6,1379,0.001
250,10,6,1380,0.000994
250,15,1,1381,0.001003
250,15,1,1382,0.000999
250,15,1,1383,0.001001
250,15,1,1384,0
250,15,1,1385,0.000995
250,15,1,1386,0.000999
250,15,1,1387,0.000994
250,15,1,1388,0.000999
250,15,1,1389,0.000997
250,15,1,1390,0.000999
250,15,2,1391,0.001002
250,15,2,1392,0.000999
250,15,2,1393,0.001001
250,15,2,1394,0.001003
250,15,2,1395,0
250,15,2,1396,0.001
250,15,2,1397,0.001002
250,15,2,1398,0
250,15,2,1399,0.000998
250,15,2,1400,0.001
250,15,3,1401,0.000999
250,15,3,1402,0.001001
250,15,3,1403,0.001007
250,15,3,1404,0.000999
250,15,3,1405,0.001998
250,15,3,1406,0.000998
250,15,3,1407,0.001004
250,15,3,1408,0.001
250,15,3,1409,0.000998
250,15,3,1410,0.001001
250,15,4,1411,0.001002
250,15,4,1412,0.002003
250,15,4,1413,0.001001
250,15,4,1414,0.001
250,15,4,1415,0.001
250,15,4,1416,0.001006
250,15,4,1417,0.000999
250,15,4,1418,0.001001
250,15,4,1419,0.001005
250,15,4,1420,0.001003
250,15,5,1421,0
250,15,5,1422,0.000998
250,15,5,1423,0.000998
250,15,5,1424,0.00101
250,15,5,1425,0.000997
250,15,5,1426,0
250,15,5,1427,0.001003
250,15,5,1428,0.001002
250,15,5,1429,0.001
250,15,5,1430,0.000998
250,15,6,1431,0.001004
250,15,6,1432,0.001003
250,15,6,1433,0
250,15,6,1434,0.000999
250,15,6,1435,0.000997
250,15,6,1436,0.001003
250,15,6,1437,0.001001
250,15,6,1438,0.002011
250,15,6,1439,0.001001
250,15,6,1440,0.001001
250,20,1,1441,0
250,20,1,1442,0.001
250,20,1,1443,0.001002
250,20,1,1444,0
250,20,1,1445,0.000995
250,20,1,1446,0.000999
250,20,1,1447,0.000992
250,20,1,1448,0.001004
250,20,1,1449,0.000999
250,20,1,1450,0.001006
250,20,2,1451,0.001
250,20,2,1452,0.001095
250,20,2,1453,0.001054
250,20,2,1454,0.001
250,20,2,1455,0.000996
250,20,2,1456,0
250,20,2,1457,0.001001
250,20,2,1458,0.001002
250,20,2,1459,0
250,20,2,1460,0.001
250,20,3,1461,0.000997
250,20,3,1462,0.001001
250,20,3,1463,0.001004
250,20,3,1464,0.000991
250,20,3,1465,0.001001
250,20,3,1466,0.001002
250,20,3,1467,0.001001
250,20,3,1468,0
250,20,3,1469,0.000999
250,20,3,1470,0
250,20,4,1471,0.001006
250,20,4,1472,0.001002
250,20,4,1473,0.001002
250,20,4,1474,0.001003
250,20,4,1475,0.000998
250,20,4,1476,0.001002
250,20,4,1477,0.000996
250,20,4,1478,0.001994
250,20,4,1479,0.001
250,20,4,1480,0.000996
250,20,5,1481,0.001001
250,20,5,1482,0.000997
250,20,5,1483,0.001004
250,20,5,1484,0.001002
250,20,5,1485,0.002006
250,20,5,1486,0.001001
250,20,5,1487,0.001
250,20,5,1488,0.002003
250,20,5,1489,0.000997
250,20,5,1490,0.001005
250,20,6,1491,0.000997
250,20,6,1492,0.001
250,20,6,1493,0.000999
250,20,6,1494,0.001003
250,20,6,1495,0.001004
250,20,6,1496,0.001002
250,20,6,1497,0.00201
250,20,6,1498,0.001
250,20,6,1499,0.001002
250,20,6,1500,0.000997
300,2,1,1501,0.003003
300,2,1,1502,0.002998
300,2,1,1503,0.003
300,2,1,1504,0.002999
300,2,1,1505,0.004015
300,2,1,1506,0.001996
300,2,1,1507,0.004003
300,2,1,1508,0.004004
300,2,1,1509,0.001997
300,2,1,1510,0.004005
300,2,2,1511,0.001997
300,2,2,1512,0.002996
300,2,2,1513,0.004008
300,2,2,1514,0.002998
300,2,2,1515,0.001997
300,2,2,1516,0.002986
300,2,2,1517,0.001998
300,2,2,1518,0.003998
300,2,2,1519,0.001994
300,2,2,1520,0.002998
300,2,3,1521,0.001996
300,2,3,1522,0.001997
300,2,3,1523,0.00501
300,2,3,1524,0.001998
300,2,3,1525,0.001997
300,2,3,1526,0.006996
300,2,3,1527,0.001992
300,2,3,1528,0.001998
300,2,3,1529,0.002986
300,2,3,1530,0.000997
300,2,4,1531,0.005993
300,2,4,1532,0.002997
300,2,4,1533,0.004001
300,2,4,1534,0.004995
300,2,4,1535,0.004007
300,2,4,1536,0.006005
300,2,4,1537,0.00299
300,2,4,1538,0.004001
300,2,4,1539,0.006023
300,2,4,1540,0.007996
300,2,5,1541,0.004999
300,2,5,1542,0.003999
300,2,5,1543,0.004018
300,2,5,1544,0.002995
300,2,5,1545,0.004
300,2,5,1546,0.003996
300,2,5,1547,0.003003
300,2,5,1548,0.0037
300,2,5,1549,0.002999
300,2,5,1550,0.004998
300,2,6,1551,0.002998
300,2,6,1552,0.005008
300,2,6,1553,0.002997
300,2,6,1554,0.001993
300,2,6,1555,0.001999
300,2,6,1556,0.004
300,2,6,1557,0.002993
300,2,6,1558,0.003002
300,2,6,1559,0.003992
300,2,6,1560,0.007
300,5,1,1561,0.000996
300,5,1,1562,0.001
300,5,1,1563,0.002015
300,5,1,1564,0.000999
300,5,1,1565,0.001998
300,5,1,1566,0.002006
300,5,1,1567,0.001992
300,5,1,1568,0.000998
300,5,1,1569,0.002008
300,5,1,1570,0.001002
300,5,2,1571,0.000997
300,5,2,1572,0.000993
300,5,2,1573,0.004009
300,5,2,1574,0.002006
300,5,2,1575,0.000999
300,5,2,1576,0.001997
300,5,2,1577,0.002
300,5,2,1578,0.001997
300,5,2,1579,0.002006
300,5,2,1580,0.002005
300,5,3,1581,0.000997
300,5,3,1582,0.001996
300,5,3,1583,0.000997
300,5,3,1584,0.000997
300,5,3,1585,0.001999
300,5,3,1586,0.001
300,5,3,1587,0.002007
300,5,3,1588,0.002
300,5,3,1589,0.001002
300,5,3,1590,0.001999
300,5,4,1591,0.001003
300,5,4,1592,0.002
300,5,4,1593,0.000998
300,5,4,1594,0.001993
300,5,4,1595,0.00165
300,5,4,1596,0.001071
300,5,4,1597,0.000995
300,5,4,1598,0.001002
300,5,4,1599,0.000999
300,5,4,1600,0.002006
300,5,5,1601,0.001996
300,5,5,1602,0.000999
300,5,5,1603,0.002006
300,5,5,1604,0.001997
300,5,5,1605,0.000998
300,5,5,1606,0.000999
300,5,5,1607,0.002001
300,5,5,1608,0.000998
300,5,5,1609,0.000998
300,5,5,1610,0.000999
300,5,6,1611,0.000999
300,5,6,1612,0.000994
300,5,6,1613,0.000998
300,5,6,1614,0.003005
300,5,6,1615,0.001002
300,5,6,1616,0.001002
300,5,6,1617,0.001002
300,5,6,1618,0.002013
300,5,6,1619,0.000997
300,5,6,1620,0.001002
300,10,1,1621,0.001002
300,10,1,1622,0.000998
300,10,1,1623,0.001003
300,10,1,1624,0.001002
300,10,1,1625,0.002001
300,10,1,1626,0.000999
300,10,1,1627,0.000998
300,10,1,1628,0.000998
300,10,1,1629,0.000995
300,10,1,1630,0.000998
300,10,2,1631,0.001
300,10,2,1632,0.000999
300,10,2,1633,0.001
300,10,2,1634,0.001
300,10,2,1635,0.002003
300,10,2,1636,0.001002
300,10,2,1637,0
300,10,2,1638,0.001
300,10,2,1639,0.000988
300,10,2,1640,0.000998
300,10,3,1641,0.001
300,10,3,1642,0.002005
300,10,3,1643,0.000999
300,10,3,1644,0.000999
300,10,3,1645,0.004014
300,10,3,1646,0.001001
300,10,3,1647,0.000998
300,10,3,1648,0.001994
300,10,3,1649,0.002009
300,10,3,1650,0.000993
300,10,4,1651,0.001001
300,10,4,1652,0.000997
300,10,4,1653,0.001001
300,10,4,1654,0.00099
300,10,4,1655,0.001001
300,10,4,1656,0.001001
300,10,4,1657,0.000981
300,10,4,1658,0.001002
300,10,4,1659,0.000998
300,10,4,1660,0.002003
300,10,5,1661,0.001003
300,10,5,1662,0.001002
300,10,5,1663,0.001989
300,10,5,1664,0.000995
300,10,5,1665,0.000997
300,10,5,1666,0.000996
300,10,5,1667,0.001988
300,10,5,1668,0.001
300,10,5,1669,0.002
300,10,5,1670,0.002004
300,10,6,1671,0.001
300,10,6,1672,0.000998
300,10,6,1673,0.001001
300,10,6,1674,0.000999
300,10,6,1675,0.000994
300,10,6,1676,0.001997
300,10,6,1677,0.001002
300,10,6,1678,0.001997
300,10,6,1679,0.002007
300,10,6,1680,0.000997
300,15,1,1681,0.000996
300,15,1,1682,0.003002
300,15,1,1683,0.001001
300,15,1,1684,0.001001
300,15,1,1685,0.001002
300,15,1,1686,0.000997
300,15,1,1687,0.000996
300,15,1,1688,0.000999
300,15,1,1689,0.000996
300,15,1,1690,0.000997
300,15,2,1691,0.000997
300,15,2,1692,0.002014
300,15,2,1693,0.000998
300,15,2,1694,0.001
300,15,2,1695,0.002011
300,15,2,1696,0.000997
300,15,2,1697,0.000998
300,15,2,1698,0.000997
300,15,2,1699,0.000998
300,15,2,1700,0.000997
300,15,3,1701,0.000998
300,15,3,1702,0.000994
300,15,3,1703,0.000999
300,15,3,1704,0.001002
300,15,3,1705,0.001995
300,15,3,1706,0.001
300,15,3,1707,0.001016
300,15,3,1708,0.002003
300,15,3,1709,0.000994
300,15,3,1710,0.001
300,15,4,1711,0.001001
300,15,4,1712,0.00101
300,15,4,1713,0.000997
300,15,4,1714,0.000999
300,15,4,1715,0.001999
300,15,4,1716,0.001
300,15,4,1717,0.000997
300,15,4,1718,0.000999
300,15,4,1719,0.000983
300,15,4,1720,0.000997
300,15,5,1721,0.000998
300,15,5,1722,0.000997
300,15,5,1723,0.001009
300,15,5,1724,0.00099
300,15,5,1725,0.000998
300,15,5,1726,0.000997
300,15,5,1727,0.001002
300,15,5,1728,0.000998
300,15,5,1729,0.001001
300,15,5,1730,0.001
300,15,6,1731,0.00101
300,15,6,1732,0.000998
300,15,6,1733,0.001001
300,15,6,1734,0.000994
300,15,6,1735,0.000998
300,15,6,1736,0.001
300,15,6,1737,0.002001
300,15,6,1738,0.000998
300,15,6,1739,0
300,15,6,1740,0.000999
300,20,1,1741,0.00201
300,20,1,1742,0.000999
300,20,1,1743,0.001001
300,20,1,1744,0.001002
300,20,1,1745,0.003008
300,20,1,1746,0.000999
300,20,1,1747,0.000999
300,20,1,1748,0.001998
300,20,1,1749,0.000989
300,20,1,1750,0.000999
300,20,2,1751,0.000998
300,20,2,1752,0.000998
300,20,2,1753,0.000998
300,20,2,1754,0.001996
300,20,2,1755,0.000997
300,20,2,1756,0.001002
300,20,2,1757,0.000998
300,20,2,1758,0.001008
300,20,2,1759,0.001006
300,20,2,1760,0.000999
300,20,3,1761,0.001001
300,20,3,1762,0.001
300,20,3,1763,0.000999
300,20,3,1764,0.000999
300,20,3,1765,0.000999
300,20,3,1766,0.002003
300,20,3,1767,0.000997
300,20,3,1768,0.002
300,20,3,1769,0.001001
300,20,3,1770,0.002004
300,20,4,1771,0.000999
300,20,4,1772,0.000998
300,20,4,1773,0.000998
300,20,4,1774,0.000994
300,20,4,1775,0.002005
300,20,4,1776,0.000998
300,20,4,1777,0.002005
300,20,4,1778,0.000998
300,20,4,1779,0.000998
300,20,4,1780,0.001002
300,20,5,1781,0.001
300,20,5,1782,0.000998
300,20,5,1783,0.000997
300,20,5,1784,0.000997
300,20,5,1785,0.002004
300,20,5,1786,0.001005
300,20,5,1787,0.001002
300,20,5,1788,0.001002
300,20,5,1789,0.002003
300,20,5,1790,0.002
300,20,6,1791,0.001
300,20,6,1792,0.001
300,20,6,1793,0.001999
300,20,6,1794,0.001
300,20,6,1795,0.000999
300,20,6,1796,0.001
300,20,6,1797,0.000998
300,20,6,1798,0.000998
300,20,6,1799,0.000984
300,20,6,1800,0.001007
400,2,1,1801,0.011675
400,2,1,1802,0.011075
400,2,1,1803,0.007011
400,2,1,1804,0.021009
400,2,1,1805,0.015003
400,2,1,1806,0.014983
400,2,1,1807,0.009994
400,2,1,1808,0.008997
400,2,1,1809,0.004997
400,2,1,1810,0.005999
400,2,2,1811,0.006012
400,2,2,1812,0.004992
400,2,2,1813,0.006001
400,2,2,1814,0.015008
400,2,2,1815,0.005011
400,2,2,1816,0.009998
400,2,2,1817,0.007993
400,2,2,1818,0.011006
400,2,2,1819,0.006998
400,2,2,1820,0.005006
400,2,3,1821,0.007006
400,2,3,1822,0.005001
400,2,3,1823,0.003997
400,2,3,1824,0.005002
400,2,3,1825,0.004998
400,2,3,1826,0.003996
400,2,3,1827,0.006998
400,2,3,1828,0.005002
400,2,3,1829,0.008995
400,2,3,1830,0.007002
400,2,4,1831,0.005002
400,2,4,1832,0.006996
400,2,4,1833,0.006997
400,2,4,1834,0.003003
400,2,4,1835,0.006985
400,2,4,1836,0.00698
400,2,4,1837,0.006996
400,2,4,1838,0.014011
400,2,4,1839,0.012995
400,2,4,1840,0.005992
400,2,5,1841,0.005006
400,2,5,1842,0.004991
400,2,5,1843,0.007004
400,2,5,1844,0.00699
400,2,5,1845,0.010998
400,2,5,1846,0.006997
400,2,5,1847,0.005993
400,2,5,1848,0.013994
400,2,5,1849,0.006007
400,2,5,1850,0.014995
400,2,6,1851,0.016997
400,2,6,1852,0.003996
400,2,6,1853,0.004996
400,2,6,1854,0.003999
400,2,6,1855,0.006002
400,2,6,1856,0.004994
400,2,6,1857,0.012998
400,2,6,1858,0.008008
400,2,6,1859,0.004997
400,2,6,1860,0.012996
400,5,1,1861,0.005013
400,5,1,1862,0.001997
400,5,1,1863,0.001998
400,5,1,1864,0.001998
400,5,1,1865,0.000997
400,5,1,1866,0.001993
400,5,1,1867,0.001996
400,5,1,1868,0.001998
400,5,1,1869,0.002998
400,5,1,1870,0.001997
400,5,2,1871,0.003009
400,5,2,1872,0.002005
400,5,2,1873,0.003002
400,5,2,1874,0.002119
400,5,2,1875,0.003017
400,5,2,1876,0.004005
400,5,2,1877,0.001986
400,5,2,1878,0.004011
400,5,2,1879,0.002995
400,5,2,1880,0.003024
400,5,3,1881,0.001997
400,5,3,1882,0.001996
400,5,3,1883,0.001996
400,5,3,1884,0.002001
400,5,3,1885,0.001993
400,5,3,1886,0.002999
400,5,3,1887,0.001997
400,5,3,1888,0.002002
400,5,3,1889,0.001993
400,5,3,1890,0.001996
400,5,4,1891,0.003996
400,5,4,1892,0.002994
400,5,4,1893,0.003001
400,5,4,1894,0.002995
400,5,4,1895,0.001996
400,5,4,1896,0.002995
400,5,4,1897,0.001997
400,5,4,1898,0.004012
400,5,4,1899,0.003005
400,5,4,1900,0.001998
400,5,5,1901,0.001998
400,5,5,1902,0.001997
400,5,5,1903,0.003005
400,5,5,1904,0.006027
400,5,5,1905,0.002998
400,5,5,1906,0.003001
400,5,5,1907,0.002998
400,5,5,1908,0.001997
400,5,5,1909,0.001996
400,5,5,1910,0.001997
400,5,6,1911,0.006002
400,5,6,1912,0.001995
400,5,6,1913,0.002017
400,5,6,1914,0.002
400,5,6,1915,0.001998
400,5,6,1916,0.001995
400,5,6,1917,0.001996
400,5,6,1918,0.003003
400,5,6,1919,0.001994
400,5,6,1920,0.003009
400,10,1,1921,0.002007
400,10,1,1922,0.001999
400,10,1,1923,0.00201
400,10,1,1924,0.001995
400,10,1,1925,0.001998
400,10,1,1926,0.003001
400,10,1,1927,0.002017
400,10,1,1928,0.004003
400,10,1,1929,0.001994
400,10,1,1930,0.001997
400,10,2,1931,0.002994
400,10,2,1932,0.001997
400,10,2,1933,0.003007
400,10,2,1934,0.002004
400,10,2,1935,0.001999
400,10,2,1936,0.002985
400,10,2,1937,0.001996
400,10,2,1938,0.003004
400,10,2,1939,0.001996
400,10,2,1940,0.001997
400,10,3,1941,0.003004
400,10,3,1942,0.001996
400,10,3,1943,0.002003
400,10,3,1944,0.001988
400,10,3,1945,0.001998
400,10,3,1946,0.005008
400,10,3,1947,0.001998
400,10,3,1948,0.002003
400,10,3,1949,0.002994
400,10,3,1950,0.002007
400,10,4,1951,0.001998
400,10,4,1952,0.001993
400,10,4,1953,0.000998
400,10,4,1954,0.002996
400,10,4,1955,0.002002
400,10,4,1956,0.001996
400,10,4,1957,0.000998
400,10,4,1958,0.003999
400,10,4,1959,0.001993
400,10,4,1960,0.001991
400,10,5,1961,0.000998
400,10,5,1962,0.002001
400,10,5,1963,0.004003
400,10,5,1964,0.002003
400,10,5,1965,0.003001
400,10,5,1966,0.001998
400,10,5,1967,0.003008
400,10,5,1968,0.001997
400,10,5,1969,0.001996
400,10,5,1970,0.006994
400,10,6,1971,0.009006
400,10,6,1972,0.003999
400,10,6,1973,0.002996
400,10,6,1974,0.001999
400,10,6,1975,0.001995
400,10,6,1976,0.003005
400,10,6,1977,0.001997
400,10,6,1978,0.001999
400,10,6,1979,0.001997
400,10,6,1980,0.001998
400,15,1,1981,0.003005
400,15,1,1982,0.001998
400,15,1,1983,0.001999
400,15,1,1984,0.003008
400,15,1,1985,0.002002
400,15,1,1986,0.001998
400,15,1,1987,0.003001
400,15,1,1988,0.001997
400,15,1,1989,0.001998
400,15,1,1990,0.00401
400,15,2,1991,0.001998
400,15,2,1992,0.002
400,15,2,1993,0.001997
400,15,2,1994,0.001999
400,15,2,1995,0.001998
400,15,2,1996,0.001998
400,15,2,1997,0.001998
400,15,2,1998,0.002002
400,15,2,1999,0.001998
400,15,2,2000,0.000998
400,15,3,2001,0.000999
400,15,3,2002,0.000999
400,15,3,2003,0.000995
400,15,3,2004,0.001998
400,15,3,2005,0.001997
400,15,3,2006,0.001993
400,15,3,2007,0.001998
400,15,3,2008,0.001997
400,15,3,2009,0.001998
400,15,3,2010,0.001998
400,15,4,2011,0.003002
400,15,4,2012,0.000999
400,15,4,2013,0.001001
400,15,4,2014,0.001998
400,15,4,2015,0.001996
400,15,4,2016,0.002002
400,15,4,2017,0.003006
400,15,4,2018,0.000997
400,15,4,2019,0.002646
400,15,4,2020,0.001705
400,15,5,2021,0.001524
400,15,5,2022,0.000999
400,15,5,2023,0.001998
400,15,5,2024,0.001998
400,15,5,2025,0.001997
400,15,5,2026,0.001996
400,15,5,2027,0.001997
400,15,5,2028,0.001999
400,15,5,2029,0.002006
400,15,5,2030,0.001999
400,15,6,2031,0.000999
400,15,6,2032,0.001989
400,15,6,2033,0.002
400,15,6,2034,0.002
400,15,6,2035,0.000997
400,15,6,2036,0.000999
400,15,6,2037,0.002
400,15,6,2038,0.001994
400,15,6,2039,0.001997
400,15,6,2040,0.003004
400,20,1,2041,0.001996
400,20,1,2042,0.001998
400,20,1,2043,0.001999
400,20,1,2044,0.001997
400,20,1,2045,0.001997
400,20,1,2046,0.001998
400,20,1,2047,0.001997
400,20,1,2048,0.000997
400,20,1,2049,0.000998
400,20,1,2050,0.000999
400,20,2,2051,0.000999
400,20,2,2052,0.001
400,20,2,2053,0.000998
400,20,2,2054,0.000999
400,20,2,2055,0.001
400,20,2,2056,0.000998
400,20,2,2057,0.002001
400,20,2,2058,0.001005
400,20,2,2059,0.001999
400,20,2,2060,0.002
400,20,3,2061,0.001997
400,20,3,2062,0.001995
400,20,3,2063,0.001998
400,20,3,2064,0.001997
400,20,3,2065,0.001998
400,20,3,2066,0.001001
400,20,3,2067,0.001007
400,20,3,2068,0.001995
400,20,3,2069,0.001999
400,20,3,2070,0.001999
400,20,4,2071,0.001999
400,20,4,2072,0.001997
400,20,4,2073,0.003003
400,20,4,2074,0.002004
400,20,4,2075,0.000999
400,20,4,2076,0.001001
400,20,4,2077,0.002003
400,20,4,2078,0.001999
400,20,4,2079,0.001999
400,20,4,2080,0.001996
400,20,5,2081,0.001997
400,20,5,2082,0.001999
400,20,5,2083,0.001998
400,20,5,2084,0.001993
400,20,5,2085,0.001996
400,20,5,2086,0.001994
400,20,5,2087,0.000998
400,20,5,2088,0.002007
400,20,5,2089,0.000998
400,20,5,2090,0.001994
400,20,6,2091,0.00201
400,20,6,2092,0.000998
400,20,6,2093,0.000992
400,20,6,2094,0.001999
400,20,6,2095,0.001999
400,20,6,2096,0.00199
400,20,6,2097,0.001997
400,20,6,2098,0.001997
400,20,6,2099,0.001
400,20,6,2100,0.000998
